产品ID,产品名称,核算边界,碳足迹,企业名称,数据年份,数据类型,是否低碳
04312X0012022C,中华绒螯蟹-成蟹,摇篮到大门,11.746kgCO2e / 千克,-,2022,核心数据库,否
17100H2782021C,2021 年天津市电力平均二氧化碳排放因子,摇篮到大门,0.7355kgCO2e / 千瓦时,-,2021,核心数据库,否
17100H3082021C,2021年全国化石能源电力二氧化碳排放因子,摇篮到大门,0.8426kgCO2e / 千瓦时,-,2021,核心数据库,否
17100H3012021C,2021年云南省电力平均二氧化碳排放因子,摇篮到大门,0.1235kgCO2e / 千瓦时,-,2021,核心数据库,否
17100H2852021C,2021年上海市电力平均二氧化碳排放因子,摇篮到大门,0.5834kgCO2e / 千瓦时,-,2021,核心数据库,否
17100H2842021C,2021 年黑龙江省电力平均二氧化碳排放因子,摇篮到大门,0.6342kgCO2e / 千瓦时,-,2021,核心数据库,否
17100H2742021C,2021 年西北区域电力平均二氧化碳排放因子,摇篮到大门,0.5951kgCO2e / 千瓦时,-,2021,核心数据库,否
17100H2792021C,2021 年河北省电力平均二氧化碳排放因子,摇篮到大门,0.7901kgCO2e / 千瓦时,-,2021,核心数据库,否
17100H2832021C,2021 年吉林省电力平均二氧化碳排放因子,摇篮到大门,0.5629kgCO2e / 千瓦时,-,2021,核心数据库,否
34170R0152022C,煤制聚丙烯（GLLMTP工艺）,摇篮到大门,7.4tCO2e / 公吨,-,2022,核心数据库,否
17100H2752021C,2021 年南方区域电力平均二氧化碳排放因子,摇篮到大门,0.4326kgCO2e / 千瓦时,-,2021,核心数据库,否
17100H2702021C,2021 年华北区域电力平均二氧化碳排放因子,摇篮到大门,0.712kgCO2e / 千瓦时,-,2021,核心数据库,否
17100H2732021C,2021 年华中区域电力平均二氧化碳排放因子,摇篮到大门,0.5354kgCO2e / 千瓦时,-,2021,核心数据库,否
17100H2722021C,2021 年华东区域电力平均二氧化碳排放因子,摇篮到大门,0.5992kgCO2e / 千瓦时,-,2021,核心数据库,否
17100H2692021C,2021 年全国电力平均二氧化碳排放因子,摇篮到大门,0.5568kgCO2e / 千瓦时,-,2021,核心数据库,否
17100H2712021C,2021 年东北区域电力平均二氧化碳排放因子,摇篮到大门,0.6012kgCO2e / 千瓦时,-,2021,核心数据库,否
34170R0142022C,煤制聚丙烯（HDDMTO工艺）,摇篮到大门,7.95tCO2e / 公吨,-,2022,核心数据库,否
17100H3072021C,2021年全国电力平均二氧化碳排放因子（不包括市场化交易的非化石能源电量）,摇篮到大门,0.5942kgCO2e / 千瓦时,-,2021,核心数据库,否
04312X0012022C,中华绒螯蟹-成蟹,摇篮到大门,11.746kgCO2e / 千克,-,2022,核心数据库,否
17100H2782021C,2021 年天津市电力平均二氧化碳排放因子,摇篮到大门,0.7355kgCO2e / 千瓦时,-,2021,核心数据库,否
17100H3082021C,2021年全国化石能源电力二氧化碳排放因子,摇篮到大门,0.8426kgCO2e / 千瓦时,-,2021,核心数据库,否
17100H3012021C,2021年云南省电力平均二氧化碳排放因子,摇篮到大门,0.1235kgCO2e / 千瓦时,-,2021,核心数据库,否
17100H2852021C,2021年上海市电力平均二氧化碳排放因子,摇篮到大门,0.5834kgCO2e / 千瓦时,-,2021,核心数据库,否
17100H2842021C,2021 年黑龙江省电力平均二氧化碳排放因子,摇篮到大门,0.6342kgCO2e / 千瓦时,-,2021,核心数据库,否
17100H2742021C,2021 年西北区域电力平均二氧化碳排放因子,摇篮到大门,0.5951kgCO2e / 千瓦时,-,2021,核心数据库,否
17100H2792021C,2021 年河北省电力平均二氧化碳排放因子,摇篮到大门,0.7901kgCO2e / 千瓦时,-,2021,核心数据库,否
17100H2832021C,2021 年吉林省电力平均二氧化碳排放因子,摇篮到大门,0.5629kgCO2e / 千瓦时,-,2021,核心数据库,否
34170R0152022C,煤制聚丙烯（GLLMTP工艺）,摇篮到大门,7.4tCO2e / 公吨,-,2022,核心数据库,否
17100H2752021C,2021 年南方区域电力平均二氧化碳排放因子,摇篮到大门,0.4326kgCO2e / 千瓦时,-,2021,核心数据库,否
17100H2702021C,2021 年华北区域电力平均二氧化碳排放因子,摇篮到大门,0.712kgCO2e / 千瓦时,-,2021,核心数据库,否
17100H2732021C,2021 年华中区域电力平均二氧化碳排放因子,摇篮到大门,0.5354kgCO2e / 千瓦时,-,2021,核心数据库,否
17100H2722021C,2021 年华东区域电力平均二氧化碳排放因子,摇篮到大门,0.5992kgCO2e / 千瓦时,-,2021,核心数据库,否
17100H2692021C,2021 年全国电力平均二氧化碳排放因子,摇篮到大门,0.5568kgCO2e / 千瓦时,-,2021,核心数据库,否
17100H2712021C,2021 年东北区域电力平均二氧化碳排放因子,摇篮到大门,0.6012kgCO2e / 千瓦时,-,2021,核心数据库,否
34170R0142022C,煤制聚丙烯（HDDMTO工艺）,摇篮到大门,7.95tCO2e / 公吨,-,2022,核心数据库,否
17100H3072021C,2021年全国电力平均二氧化碳排放因子（不包括市场化交易的非化石能源电量）,摇篮到大门,0.5942kgCO2e / 千瓦时,-,2021,核心数据库,否
17100H2812021C,2021年内蒙古电力平均二氧化碳排放因子,摇篮到大门,0.7025kgCO2e / 千瓦时,-,2021,核心数据库,否
17100H2772021C,2021年北京市电力平均二氧化碳排放因子,摇篮到大门,0.5688kgCO2e / 千瓦时,-,2021,核心数据库,否
17100H2992021C,2021年四川省电力平均二氧化碳排放因子,摇篮到大门,0.1255kgCO2e / 千瓦时,-,2021,核心数据库,否
17100H3052021C,2021年宁夏省电力平均二氧化碳排放因子,摇篮到大门,0.6546kgCO2e / 千瓦时,-,2021,核心数据库,否
17100H2882021C,2021年安徽省电力平均二氧化碳排放因子,摇篮到大门,0.7075kgCO2e / 千瓦时,-,2021,核心数据库,否
17100H2912021C,2021年山东省电力平均二氧化碳排放因子,摇篮到大门,0.6838kgCO2e / 千瓦时,-,2021,核心数据库,否
17100H2802021C,2021年山西省电力平均二氧化碳排放因子,摇篮到大门,0.7222kgCO2e / 千瓦时,-,2021,核心数据库,否
17100H2952021C,2021年广东省电力平均二氧化碳排放因子,摇篮到大门,0.4715kgCO2e / 千瓦时,-,2021,核心数据库,否
17100H2962021C,2021年广西省电力平均二氧化碳排放因子,摇篮到大门,0.5154kgCO2e / 千瓦时,-,2021,核心数据库,否
17100H3062021C,2021年新疆电力平均二氧化碳排放因子,摇篮到大门,0.6577kgCO2e / 千瓦时,-,2021,核心数据库,否
17100H2862021C,2021年江苏省电力平均二氧化碳排放因子,摇篮到大门,0.6451kgCO2e / 千瓦时,-,2021,核心数据库,否
17100H2902021C,2021年江西省电力平均二氧化碳排放因子,摇篮到大门,0.5835kgCO2e / 千瓦时,-,2021,核心数据库,否
17100H2922021C,2021年河南省电力平均二氧化碳排放因子,摇篮到大门,0.6369kgCO2e / 千瓦时,-,2021,核心数据库,否
17100H2872021C,2021年浙江省电力平均二氧化碳排放因子,摇篮到大门,0.5422kgCO2e / 千瓦时,-,2021,核心数据库,否
17100H2972021C,2021年海南省电力平均二氧化碳排放因子,摇篮到大门,0.4524kgCO2e / 千瓦时,-,2021,核心数据库,否
17100H2932021C,2021年湖北省电力平均二氧化碳排放因子,摇篮到大门,0.3672kgCO2e / 千瓦时,-,2021,核心数据库,否
17100H2942021C,2021年湖南省电力平均二氧化碳排放因子,摇篮到大门,0.5138kgCO2e / 千瓦时,-,2021,核心数据库,否
17100H3032021C,2021年甘肃省电力平均二氧化碳排放因子,摇篮到大门,0.4955kgCO2e / 千瓦时,-,2021,核心数据库,否
17100H2892021C,2021年福建省电力平均二氧化碳排放因子,摇篮到大门,0.4711kgCO2e / 千瓦时,-,2021,核心数据库,否
17100H2762021C,2021年西南区域电力平均二氧化碳排放因子,摇篮到大门,0.2113kgCO2e / 千瓦时,-,2021,核心数据库,否
17100H3002021C,2021年贵州省电力平均二氧化碳排放因子,摇篮到大门,0.5182kgCO2e / 千瓦时,-,2021,核心数据库,否
17100H2822021C,2021年辽宁省电力平均二氧化碳排放因子,摇篮到大门,0.5876kgCO2e / 千瓦时,-,2021,核心数据库,否
17100H2982021C,2021年重庆市电力平均二氧化碳排放因子,摇篮到大门,0.4743kgCO2e / 千瓦时,-,2021,核心数据库,否
17100H3022021C,2021年陕西省电力平均二氧化碳排放因子,摇篮到大门,0.6336kgCO2e / 千瓦时,-,2021,核心数据库,否
17100H3042021C,2021年青海省电力平均二氧化碳排放因子,摇篮到大门,0.1326kgCO2e / 千瓦时,-,2021,核心数据库,否
17100H3492022C,2022年全国化石能源电力二氧化碳排放因子,大门到大门,0.8325kgCO2e / 千瓦时,-,2022,核心数据库,否
17100H3132022C,2022年全国区域平均二氧化碳排放因子-华东,大门到大门,0.5617kgCO2e / 千瓦时,-,2022,核心数据库,否
17100H3102022C,2022年全国电力平均二氧化碳排放因子-全国,大门到大门,0.5366kgCO2e / 千瓦时,-,2022,核心数据库,否
17100H3482022C,2022年全国电力平均二氧化碳排放因子（不包括市场化交易的非化石能源电量）,大门到大门,0.5856kgCO2e / 千瓦时,-,2022,核心数据库,否
17100H3122022C,2022年区域电力平均二氧化碳排放因子-东北,大门到大门,0.5564kgCO2e / 千瓦时,-,2022,核心数据库,否
17100H3142022C,2022年区域电力平均二氧化碳排放因子-华中,大门到大门,0.5395kgCO2e / 千瓦时,-,2022,核心数据库,否
17100H3112022C,2022年区域电力平均二氧化碳排放因子-华北,大门到大门,0.6776kgCO2e / 千瓦时,-,2022,核心数据库,否
17100H3162022C,2022年区域电力平均二氧化碳排放因子-南方,大门到大门,0.3869kgCO2e / 千瓦时,-,2022,核心数据库,否
17100H3152022C,2022年区域电力平均二氧化碳排放因子-西北,大门到大门,0.5857kgCO2e / 千瓦时,-,2022,核心数据库,否
17100H3172022C,2022年区域电力平均二氧化碳排放因子-西南,大门到大门,0.2268kgCO2e / 千瓦时,-,2022,核心数据库,否
17100H3262022C,2022年省级电力平均二氧化碳排放因子-上海,大门到大门,0.5849kgCO2e / 千瓦时,-,2022,核心数据库,否
17100H3422022C,2022年省级电力平均二氧化碳排放因子-云南,大门到大门,0.1073kgCO2e / 千瓦时,-,2022,核心数据库,否
17100H3222022C,2022年省级电力平均二氧化碳排放因子-内蒙古,大门到大门,0.6849kgCO2e / 千瓦时,-,2022,核心数据库,否
17100H3182022C,2022年省级电力平均二氧化碳排放因子-北京,大门到大门,0.558kgCO2e / 千瓦时,-,2022,核心数据库,否
17100H3242022C,2022年省级电力平均二氧化碳排放因子-吉林,大门到大门,0.4932kgCO2e / 千瓦时,-,2022,核心数据库,否
17100H3402022C,2022年省级电力平均二氧化碳排放因子-四川,大门到大门,0.1404kgCO2e / 千瓦时,-,2022,核心数据库,否
17100H3192022C,2022年省级电力平均二氧化碳排放因子-天津,大门到大门,0.7041kgCO2e / 千瓦时,-,2022,核心数据库,否
17100H3462022C,2022年省级电力平均二氧化碳排放因子-宁夏,大门到大门,0.6423kgCO2e / 千瓦时,-,2022,核心数据库,否
17100H3292022C,2022年省级电力平均二氧化碳排放因子-安徽,大门到大门,0.6782kgCO2e / 千瓦时,-,2022,核心数据库,否
17100H3322022C,2022年省级电力平均二氧化碳排放因子-山东,大门到大门,0.641kgCO2e / 千瓦时,-,2022,核心数据库,否
17100H3212022C,2022年省级电力平均二氧化碳排放因子-山西,大门到大门,0.7096kgCO2e / 千瓦时,-,2022,核心数据库,否
17100H3362022C,2022年省级电力平均二氧化碳排放因子-广东,大门到大门,0.4403kgCO2e / 千瓦时,-,2022,核心数据库,否
17100H3372022C,2022年省级电力平均二氧化碳排放因子-广西,大门到大门,0.4044kgCO2e / 千瓦时,-,2022,核心数据库,否
17100H3472022C,2022年省级电力平均二氧化碳排放因子-新疆,大门到大门,0.6231kgCO2e / 千瓦时,-,2022,核心数据库,否
17100H3272022C,2022年省级电力平均二氧化碳排放因子-江苏,大门到大门,0.5978kgCO2e / 千瓦时,-,2022,核心数据库,否
17100H3312022C,2022年省级电力平均二氧化碳排放因子-江西,大门到大门,0.5752kgCO2e / 千瓦时,-,2022,核心数据库,否
17100H3202022C,2022年省级电力平均二氧化碳排放因子-河北,大门到大门,0.7252kgCO2e / 千瓦时,-,2022,核心数据库,否
17100H3332022C,2022年省级电力平均二氧化碳排放因子-河南,大门到大门,0.6058kgCO2e / 千瓦时,-,2022,核心数据库,否
17100H3282022C,2022年省级电力平均二氧化碳排放因子-浙江,大门到大门,0.5153kgCO2e / 千瓦时,-,2022,核心数据库,否
17100H3382022C,2022年省级电力平均二氧化碳排放因子-海南,大门到大门,0.4184kgCO2e / 千瓦时,-,2022,核心数据库,否
17100H3342022C,2022年省级电力平均二氧化碳排放因子-湖北,大门到大门,0.4364kgCO2e / 千瓦时,-,2022,核心数据库,否
17100H3352022C,2022年省级电力平均二氧化碳排放因子-湖南,大门到大门,0.49kgCO2e / 千瓦时,-,2022,核心数据库,否
17100H3442022C,2022年省级电力平均二氧化碳排放因子-甘肃,大门到大门,0.4772kgCO2e / 千瓦时,-,2022,核心数据库,否
17100H3302022C,2022年省级电力平均二氧化碳排放因子-福建,大门到大门,0.4092kgCO2e / 千瓦时,-,2022,核心数据库,否
17100H3412022C,2022年省级电力平均二氧化碳排放因子-贵州,大门到大门,0.4989kgCO2e / 千瓦时,-,2022,核心数据库,否
17100H3232022C,2022年省级电力平均二氧化碳排放因子-辽宁,大门到大门,0.5626kgCO2e / 千瓦时,-,2022,核心数据库,否
17100H3392022C,2022年省级电力平均二氧化碳排放因子-重庆,大门到大门,0.5227kgCO2e / 千瓦时,-,2022,核心数据库,否
17100H3432022C,2022年省级电力平均二氧化碳排放因子-陕西,大门到大门,0.6558kgCO2e / 千瓦时,-,2022,核心数据库,否
17100H3452022C,2022年省级电力平均二氧化碳排放因子-青海,大门到大门,0.1567kgCO2e / 千瓦时,-,2022,核心数据库,否
17100H3252022C,2022年省级电力平均二氧化碳排放因子-黑龙江,大门到大门,0.5368kgCO2e / 千瓦时,-,2022,核心数据库,否
17100H3562023C,2023年主要发电类型电力碳足迹因子-光伏发电,摇篮到坟墓,0.0545kgCO2e / 千瓦时,-,2023,核心数据库,否
17100H3572023C,2023年主要发电类型电力碳足迹因子-光热发电,摇篮到坟墓,0.0313kgCO2e / 千瓦时,-,2023,核心数据库,否
17100H3542023C,2023年主要发电类型电力碳足迹因子-核能发电,摇篮到坟墓,0.0065kgCO2e / 千瓦时,-,2023,核心数据库,否
17100H3532023C,2023年主要发电类型电力碳足迹因子-水力发电,摇篮到坟墓,0.0143kgCO2e / 千瓦时,-,2023,核心数据库,否
17100H3522023C,2023年主要发电类型电力碳足迹因子-燃气发电,摇篮到坟墓,0.4792kgCO2e / 千瓦时,-,2023,核心数据库,否
17100H3512023C,2023年主要发电类型电力碳足迹因子-燃煤发电,摇篮到大门,0.944kgCO2e / 千瓦时,-,2023,核心数据库,否
17100H3582023C,2023年主要发电类型电力碳足迹因子-生物质发电,摇篮到坟墓,0.0457kgCO2e / 千瓦时,-,2023,核心数据库,否
17100H3552023C,2023年主要发电类型电力碳足迹因子-风力发电,摇篮到坟墓,0.0336kgCO2e / 千瓦时,-,2023,核心数据库,否
17100H4242023C,2023年全国化石能源电力二氧化碳排放因子,大门到大门,0.8273kgCO2e / 千瓦时,-,2023,核心数据库,否
17100H3852023C,2023年全国电力平均二氧化碳排放因子,大门到大门,0.5306kgCO2e / 千瓦时,-,2023,核心数据库,否
17100H4232023C,2023年全国电力平均二氧化碳排放因子（不包括市场化交易的非化石能源电量）,大门到大门,0.6096kgCO2e / 千瓦时,-,2023,核心数据库,否
17100H3502023C,2023年全国电力平均碳足迹因子,摇篮到坟墓,0.6205kgCO2e / 千瓦时,-,2023,核心数据库,否
17100H3092023C,2023年减排项目中国区域电网基准线排放因子（华北区域电网）-OM,大门到大门,0.935tCO2e / 兆瓦时,-,2023,核心数据库,否
17100H4012023C,2023年区域电力平均二氧化碳排放因子-上海,大门到大门,0.5737kgCO2e / 千瓦时,-,2023,核心数据库,否
17100H3872023C,2023年区域电力平均二氧化碳排放因子-东北,大门到大门,0.5122kgCO2e / 千瓦时,-,2023,核心数据库,否
17100H4172023C,2023年区域电力平均二氧化碳排放因子-云南,大门到大门,0.1333kgCO2e / 千瓦时,-,2023,核心数据库,否
17100H3972023C,2023年区域电力平均二氧化碳排放因子-内蒙古,大门到大门,0.6479kgCO2e / 千瓦时,-,2023,核心数据库,否
17100H3932023C,2023年区域电力平均二氧化碳排放因子-北京,大门到大门,0.5554kgCO2e / 千瓦时,-,2023,核心数据库,否
17100H3882023C,2023年区域电力平均二氧化碳排放因子-华东,大门到大门,0.55kgCO2e / 千瓦时,-,2023,核心数据库,否
17100H3892023C,2023年区域电力平均二氧化碳排放因子-华中,大门到大门,0.5271kgCO2e / 千瓦时,-,2023,核心数据库,否
17100H3862023C,2023年区域电力平均二氧化碳排放因子-华北,大门到大门,0.6361kgCO2e / 千瓦时,-,2023,核心数据库,否
17100H3912023C,2023年区域电力平均二氧化碳排放因子-南方,大门到大门,0.4042kgCO2e / 千瓦时,-,2023,核心数据库,否
17100H3992023C,2023年区域电力平均二氧化碳排放因子-吉林,摇篮到大门,0.4671kgCO2e / 千瓦时,-,2023,核心数据库,否
17100H4152023C,2023年区域电力平均二氧化碳排放因子-四川,大门到大门,0.1564kgCO2e / 千瓦时,-,2023,核心数据库,否
17100H3942023C,2023年区域电力平均二氧化碳排放因子-天津,大门到大门,0.6796kgCO2e / 千瓦时,-,2023,核心数据库,否
17100H4212023C,2023年区域电力平均二氧化碳排放因子-宁夏,大门到大门,0.6187kgCO2e / 千瓦时,-,2023,核心数据库,否
17100H4042023C,2023年区域电力平均二氧化碳排放因子-安徽,大门到大门,0.6553kgCO2e / 千瓦时,-,2023,核心数据库,否
17100H4072023C,2023年区域电力平均二氧化碳排放因子-山东,大门到大门,0.6191kgCO2e / 千瓦时,-,2023,核心数据库,否
17100H3962023C,2023年区域电力平均二氧化碳排放因子-山西,大门到大门,0.6634kgCO2e / 千瓦时,-,2023,核心数据库,否
17100H4112023C,2023年区域电力平均二氧化碳排放因子-广东,大门到大门,0.4419kgCO2e / 千瓦时,-,2023,核心数据库,否
17100H4122023C,2023年区域电力平均二氧化碳排放因子-广西,大门到大门,0.4476kgCO2e / 千瓦时,-,2023,核心数据库,否
17100H4222023C,2023年区域电力平均二氧化碳排放因子-新疆,大门到大门,0.6021kgCO2e / 千瓦时,-,2023,核心数据库,否
17100H4022023C,2023年区域电力平均二氧化碳排放因子-江苏,大门到大门,0.5827kgCO2e / 千瓦时,-,2023,核心数据库,否
17100H4062023C,2023年区域电力平均二氧化碳排放因子-江西,大门到大门,0.5836kgCO2e / 千瓦时,-,2023,核心数据库,否
17100H3952023C,2023年区域电力平均二氧化碳排放因子-河北,大门到大门,0.6516kgCO2e / 千瓦时,-,2023,核心数据库,否
17100H4082023C,2023年区域电力平均二氧化碳排放因子-河南,大门到大门,0.5897kgCO2e / 千瓦时,-,2023,核心数据库,否
17100H4032023C,2023年区域电力平均二氧化碳排放因子-浙江,大门到大门,0.4974kgCO2e / 千瓦时,-,2023,核心数据库,否
17100H4132023C,2023年区域电力平均二氧化碳排放因子-海南,大门到大门,0.3648kgCO2e / 千瓦时,-,2023,核心数据库,否
17100H4092023C,2023年区域电力平均二氧化碳排放因子-湖北,大门到大门,0.4044kgCO2e / 千瓦时,-,2023,核心数据库,否
17100H4102023C,2023年区域电力平均二氧化碳排放因子-湖南,大门到大门,0.4976kgCO2e / 千瓦时,-,2023,核心数据库,否
17100H4192023C,2023年区域电力平均二氧化碳排放因子-甘肃,大门到大门,0.4471kgCO2e / 千瓦时,-,2023,核心数据库,否
17100H4052023C,2023年区域电力平均二氧化碳排放因子-福建,大门到大门,0.4211kgCO2e / 千瓦时,-,2023,核心数据库,否
17100H3902023C,2023年区域电力平均二氧化碳排放因子-西北,大门到大门,0.5543kgCO2e / 千瓦时,-,2023,核心数据库,否
17100H3922023C,2023年区域电力平均二氧化碳排放因子-西南,摇篮到大门,0.2472kgCO2e / 千瓦时,-,2023,核心数据库,否
17100H4162023C,2023年区域电力平均二氧化碳排放因子-贵州,大门到大门,0.5683kgCO2e / 千瓦时,-,2023,核心数据库,否
17100H3982023C,2023年区域电力平均二氧化碳排放因子-辽宁,大门到大门,0.4878kgCO2e / 千瓦时,-,2023,核心数据库,否
17100H4142023C,2023年区域电力平均二氧化碳排放因子-重庆,大门到大门,0.5581kgCO2e / 千瓦时,-,2023,核心数据库,否
17100H4182023C,2023年区域电力平均二氧化碳排放因子-陕西,摇篮到大门,0.6335kgCO2e / 千瓦时,-,2023,核心数据库,否
17100H4202023C,2023年区域电力平均二氧化碳排放因子-青海,大门到大门,0.1796kgCO2e / 千瓦时,-,2023,核心数据库,否
17100H4002023C,2023年区域电力平均二氧化碳排放因子-黑龙江,摇篮到大门,0.5229kgCO2e / 千瓦时,-,2023,核心数据库,否
17100H3592023C,2023年输配电碳足迹因子-输配电（不含线损）,摇篮到坟墓,0.0036kgCO2e / 千瓦时,-,2023,核心数据库,否
17100E0622024C,2024年主要发电类型电力碳足迹因子-光伏发电,摇篮到坟墓,0.052kgCO2e / 千瓦时,-,2024,核心数据库,否
17100E0632024C,2024年主要发电类型电力碳足迹因子-光热发电,摇篮到坟墓,0.0312kgCO2e / 千瓦时,-,2024,核心数据库,否
17100C0112024C,2024年主要发电类型电力碳足迹因子-核能发电,摇篮到坟墓,0.0065kgCO2e / 千瓦时,-,2024,核心数据库,否
17100B0322024C,2024年主要发电类型电力碳足迹因子-水力发电,摇篮到坟墓,0.0141kgCO2e / 千瓦时,-,2024,核心数据库,否
17100A0142024C,2024年主要发电类型电力碳足迹因子-燃气发电,摇篮到坟墓,0.4503kgCO2e / 千瓦时,-,2024,核心数据库,否
17100H3752024C,2024年主要发电类型电力碳足迹因子-燃煤发电,摇篮到坟墓,0.924kgCO2e / 千瓦时,-,2024,核心数据库,否
17100F0402024C,2024年主要发电类型电力碳足迹因子-生物质发电,摇篮到坟墓,0.0404kgCO2e / 千瓦时,-,2024,核心数据库,否
17100D0822024C,2024年主要发电类型电力碳足迹因子-风力发电,摇篮到坟墓,0.0324kgCO2e / 千瓦时,-,2024,核心数据库,否
17100H3732024C,2024年全国电力平均碳足迹因子,摇篮到坟墓,0.5777kgCO2e / 千瓦时,-,2024,核心数据库,否
17100H3832024C,2024年输配电碳足迹因子-不含线损,摇篮到坟墓,0.0046kgCO2e / 千瓦时,-,2024,核心数据库,否
17100H3842024C,2024年输配电碳足迹因子-含线损,摇篮到坟墓,0.0327kgCO2e / 千瓦时,-,2024,核心数据库,否
17100D0012021C,2MW海上风电机组发电,摇篮到坟墓,1.69gCO2e / 千瓦时,-,2021,核心数据库,否
17100D0002021C,2MW陆上风电机组发电,摇篮到坟墓,4.02gCO2e / 千瓦时,-,2021,核心数据库,否
17100D0012022C,2MW风电机组发电,摇篮到坟墓,24.08gCO2e / 千瓦时,-,2022,核心数据库,否
17100E0582022C,3MW光伏发电,摇篮到坟墓,32.58gCO2e / 千瓦时,-,2022,核心数据库,否
17100D0802021C,3MW海上风电机组发电,摇篮到坟墓,1.28gCO2e / 千瓦时,-,2021,核心数据库,否
17100D0812021C,3MW陆上风电机组发电,摇篮到坟墓,3.23gCO2e / 千瓦时,-,2021,核心数据库,否
17100D0792021C,50MW风力发电-广西,摇篮到坟墓,23322tCO2e / 个,-,2021,核心数据库,否
17100G0002022C,5MW风光互补发电,摇篮到坟墓,29.2gCO2e / 千瓦时,-,2022,核心数据库,否
64210X0142023C,802列车（柴油）,大门到大门,42gCO2e / 人·千米,-,2023,核心数据库,否
64210X0132023C,802列车（电力）,大门到大门,29gCO2e / 人·千米,-,2023,核心数据库,否
49113X0232020C,A0级汽油车-SUV,摇篮到坟墓,229.51gCO2e / 千米,-,2020,核心数据库,否
49113X0222020C,A级汽油车-SUV,摇篮到坟墓,225.52gCO2e / 千米,-,2020,核心数据库,否
37115X0182021C,BT汽车钢化玻璃（5mm）,摇篮到大门,18.46kgCO2e / 平方米,-,2021,核心数据库,否
37560X0112023C,C40普通混凝土,摇篮到大门,321.8kgCO2e / 立方米,-,2023,核心数据库,否
37115X0172021C,GT汽车钢化玻璃（5mm）,摇篮到大门,24.27kgCO2e / 平方米,-,2021,核心数据库,否
37330X1742023C,LC40页岩陶粒轻骨料混凝土,摇篮到大门,521.27kgCO2e / 立方米,-,2023,核心数据库,否
33429A0012025C,LPG液化石油气,大门到坟墓,63.1kgCO2e / 吉焦,-,2025,核心数据库,否
12020X0152025C,NGL天然气凝液,大门到坟墓,17.2kgCO2e / 吉焦,-,2025,核心数据库,否
36990X0282024C,OPP胶带,摇篮到坟墓,1.8kgCO2e / 卷,-,2024,核心数据库,否
46410X0212023C,PERC 太阳电池,摇篮到大门,469.25kgCO2e / 千瓦,-,2023,核心数据库,否
35290X0092022C,一次性KN95口罩,摇篮到坟墓,6.4125kgCO2e / 人·月,-,2022,核心数据库,否
35290X0072022C,一次性医用口罩,摇篮到坟墓,1.28926kgCO2e / 人·月,-,2022,核心数据库,否
35290X0062022C,一次性医用外科口罩,摇篮到坟墓,1.54328kgCO2e / 人·月,-,2022,核心数据库,否
33349X0072025C,一般煤油,大门到坟墓,71.9kgCO2e / 吉焦,-,2025,核心数据库,否
04312X0022022C,中华绒螯蟹-大眼幼体,摇篮到大门,9.885kgCO2e / 千克,-,2022,核心数据库,否
04312X0032022C,中华绒螯蟹-扣蟹,摇篮到大门,5.914kgCO2e / 千克,-,2022,核心数据库,否
64210X0122021C,中国高铁,摇篮到坟墓,38gCO2e / 人·千米,-,2021,核心数据库,否
64119X0102023C,中型SUV汽油车运输,大门到坟墓,218.15gCO2e / 千米,-,2023,核心数据库,否
65111X0122024C,中型冷链天然气货车运输,摇篮到坟墓,0.1826kgCO2e / 公吨·公里,-,2024,核心数据库,否
65111X0032024C,中型冷链柴油货车运输,摇篮到坟墓,0.1683kgCO2e / 公吨·公里,-,2024,核心数据库,否
65111X0082024C,中型冷链纯电动货车运输,摇篮到大门,0.116kgCO2e / 公吨·公里,-,2024,核心数据库,否
65119X0462024C,中型天然气货车运输,摇篮到坟墓,0.163kgCO2e / 公吨·公里,-,2024,核心数据库,否
64118X0022023C,中型客车（8座以上，19座以下）运输,大门到坟墓,0.053kgCO2e / 人·千米,-,2023,核心数据库,否
65119X0322024C,中型柴油货车运输,摇篮到坟墓,0.1502kgCO2e / 公吨·公里,-,2024,核心数据库,否
65119X0332024C,"中型柴油货车运输 [10500kg,12500kg]",摇篮到坟墓,0.1445kgCO2e / 公吨·公里,-,2024,核心数据库,否
65119X0352024C,"中型柴油货车运输 [7000kg,8500kg]",摇篮到坟墓,0.1493kgCO2e / 公吨·公里,-,2024,核心数据库,否
65119X0342024C,"中型柴油货车运输 [8500kg,10500kg]",摇篮到坟墓,0.1569kgCO2e / 公吨·公里,-,2024,核心数据库,否
65119X0122019C,中型柴油货车运输(载重8t),摇篮到坟墓,0.179kgCO2e / 公吨·公里,-,2019,核心数据库,否
65119X0082019C,中型汽油货车运输(载重8t),摇篮到坟墓,0.115kgCO2e / 公吨·公里,-,2019,核心数据库,否
64119X0122023C,中型汽油轿车运输,大门到坟墓,195.67gCO2e / 千米,-,2023,核心数据库,否
64119X0182023C,中型电动汽车运输,大门到坟墓,93.2gCO2e / 千米,-,2023,核心数据库,否
65139X0012024C,中型纯电动货车运输,摇篮到大门,0.1036kgCO2e / 公吨·公里,-,2024,核心数据库,否
64250X0052021C,中型飞机客运服务,大门到坟墓,81.67gCO2e / 人·千米,-,2021,核心数据库,否
64119X0392023C,中大型SUV汽油车运输,大门到坟墓,250.87gCO2e / 千米,-,2023,核心数据库,否
64119X0112023C,中大型汽油轿车运输,大门到坟墓,203.46gCO2e / 千米,-,2023,核心数据库,否
23430X0102021C,乌沙蛋黄酥,摇篮到坟墓,360gCO2e / 颗,-,2021,核心数据库,否
53129X0082023C,乘客电梯,摇篮到坟墓,36943.07kgCO2e / 部,-,2023,核心数据库,否
34170R0162022C,二氟甲烷,摇篮到大门,10.01kgCO2e / 千克,-,2022,核心数据库,否
39990X0022025C,亚硫酸盐废液（黑液）,大门到坟墓,1.12tCO2e / 公吨,-,2025,核心数据库,否
34131X0332021C,以小麦为原料的生物乙醇,摇篮到大门,6984kgCO2e / 公吨,-,2021,核心数据库,否
34131X0342021C,以玉米为原料的生物乙醇,摇篮到大门,3386kgCO2e / 公吨,-,2021,核心数据库,否
01199X0232023C,传统农作物种植,摇篮到大门,2104.24kgCO2e / 公吨,-,2022,核心数据库,否
01199X0002022C,传统农作物种植-东北地区,摇篮到大门,1747.53kgCO2e / 公吨,-,2022,核心数据库,否
34740F0052021C,催化裂化聚丙烯,大门到大门,611.4kgCO2e / 公吨,-,2021,核心数据库,否
17500C0212023C,光伏制绿氢,摇篮到大门,1.969999kgCO2e / 千克,-,2023,核心数据库,否
53221X0082023C,公路桥-预应力砼简支梁桥,摇篮到坟墓,8.5tCO2e / 平方米,-,2023,核心数据库,否
53221X0252023C,公路桥-预应力砼简支梁桥,摇篮到坟墓,8.26tCO2e / 平方米,-,2023,核心数据库,否
53221X0262023C,公路桥-预应力砼简支梁桥,摇篮到坟墓,12.35tCO2e / 平方米,-,2023,核心数据库,否
53221X0092023C,公路桥-预应力砼连续梁桥,摇篮到坟墓,10.41tCO2e / 平方米,-,2023,核心数据库,否
53221X0232023C,公路桥-预应力砼连续梁桥,摇篮到坟墓,10.15tCO2e / 平方米,-,2023,核心数据库,否
53221X0242023C,公路桥-预应力砼连续梁桥,摇篮到坟墓,12.7tCO2e / 平方米,-,2023,核心数据库,否
53221X0102023C,公路桥-预应力连续刚构桥,摇篮到坟墓,12.01tCO2e / 平方米,-,2023,核心数据库,否
53221X0222023C,公路桥-预应力连续刚构桥,摇篮到坟墓,12.18tCO2e / 平方米,-,2023,核心数据库,否
35499X1032025C,其他主要固体生物燃料,大门到坟墓,1.16tCO2e / 公吨,-,2025,核心数据库,否
33390X0022025C,其他油品,大门到坟墓,2.8kgCO2e / 千克,-,2025,核心数据库,否
33100X0102025C,其他焦化产品,大门到坟墓,29.5kgCO2e / 吉焦,-,2025,核心数据库,否
65229X0052024C,内河水运-干散货船,大门到坟墓,2.134gCO2e / 公吨·公里,-,2024,核心数据库,否
65229X0082024C,内河水运-拖船,大门到坟墓,6.402gCO2e / 公吨·公里,-,2024,核心数据库,否
65222X0012024C,内河水运-油船,大门到坟墓,14.938gCO2e / 公吨·公里,-,2024,核心数据库,否
65229X0072024C,内河水运-滚轮船,大门到坟墓,2.608gCO2e / 公吨·公里,-,2024,核心数据库,否
65229X0062024C,内河水运-集装箱船,大门到坟墓,4.505gCO2e / 公吨·公里,-,2024,核心数据库,否
65117X0122019C,内燃机车运输,摇篮到坟墓,0.011kgCO2e / 公吨·公里,-,2019,核心数据库,否
26422X0012022C,再生PET长丝,摇篮到大门,1.1721kgCO2e / 千克,-,2022,核心数据库,否
53129X0062023C,农业特色型园区,大门到大门,21474.5tCO2e / 平方千米,-,2023,核心数据库,否
01112X0162021C,冬小麦,摇篮到大门,318.55kgCO2e / 公顷,-,2021,核心数据库,否
54699X0112025C,冲压-以整车计,大门到大门,76.58kgCO2e / 辆,-,2025,核心数据库,否
54699X0102025C,冲压-以重量计,大门到大门,0.213kgCO2e / 千克,-,2025,核心数据库,否
41265X0362022C,冷轧钢板及钢带,摇篮到大门,2.6tCO2e / 公吨,-,2022,核心数据库,否
23430X0112023C,凤梨酥,摇篮到大门,240gCO2e / 颗,-,2023,核心数据库,否
53221X0032022C,半刚性沥青路面,摇篮到大门,174.4tCO2e / 千米,-,2022,核心数据库,否
36111X0072023C,半钢子午线轮胎（215/45R17）,摇篮到坟墓,708.33kgCO2e / 条,-,2023,核心数据库,否
47150X0982025C,单晶电池片（182 mm×182 mm）,摇篮到大门,1.59kgCO2e / 片,-,2025,核心数据库,否
47150X0962025C,单晶硅片（182 mm×182 mm）,摇篮到大门,1.32kgCO2e / 片,-,2025,核心数据库,否
37299X0042022C,卫生陶瓷,摇篮到大门,1240kgCO2e / 公吨,-,2022,核心数据库,否
41212X0122022C,厚钢板,摇篮到大门,2.42tCO2e / 公吨,-,2022,核心数据库,否
41212X0162022C,厚钢板,摇篮到大门,2.55tCO2e / 公吨,-,2022,核心数据库,否
12010X0082025C,原油,大门到坟墓,73.3kgCO2e / 吉焦,-,2025,核心数据库,否
26422X0022022C,原生PET长丝,摇篮到大门,1.4929kgCO2e / 千克,-,2022,核心数据库,否
43320X0022022C,双离合自动变速器,摇篮到大门,999.24kgCO2e / 件,-,2022,核心数据库,否
35290X0082022C,可重复利用棉口罩,摇篮到坟墓,2.85485kgCO2e / 人·月,-,2022,核心数据库,否
23490X0012023C,吐司-105克~130克每包,摇篮到坟墓,0.18kgCO2e / 包,-,2023,核心数据库,否
23490X0022023C,吐司-370克~382克每包,摇篮到坟墓,0.5833kgCO2e / 包,-,2023,核心数据库,否
53122X0042023C,商务办公园区,大门到大门,133.35kgCO2e / 平方米,-,2023,核心数据库,否
33342X0072025C,喷气煤油,大门到坟墓,71.5kgCO2e / 吉焦,-,2025,核心数据库,否
63290X0022024C,国内住宿差旅-基于支出金额核算,大门到坟墓,2.036tCO2e / 万元人民币,-,2024,核心数据库,否
63290X0012024C,国内住宿差旅-基于消费数量核算,大门到坟墓,66.52kgCO2e / 晚,-,2024,核心数据库,否
64115X0062024C,国内出租/网约车差旅-基于支出金额核算,大门到坟墓,0.5047tCO2e / 万元人民币,-,2024,核心数据库,否
64115X0052024C,国内出租/网约车差旅-基于消费数量核算,大门到坟墓,0.1001kgCO2e / 人·千米,-,2024,核心数据库,否
64115X0082024C,国内出租/网约车差旅-燃油车-基于支出金额核算,大门到坟墓,0.8334tCO2e / 万元人民币,-,2024,核心数据库,否
64115X0072024C,国内出租/网约车差旅-燃油车-基于消费数量核算,大门到坟墓,0.1667kgCO2e / 人·千米,-,2024,核心数据库,否
64115X0102024C,国内出租/网约车差旅-电车-基于支出金额核算,大门到坟墓,0.4556tCO2e / 万元人民币,-,2024,核心数据库,否
64115X0092024C,国内出租/网约车差旅-电车-基于消费数量核算,大门到坟墓,0.0911kgCO2e / 人·千米,-,2024,核心数据库,否
64250X0022024C,国内航空差旅-基于支出金额核算,大门到坟墓,1.497tCO2e / 万元人民币,-,2024,核心数据库,否
64250X0012024C,国内航空差旅-基于消费数量核算,大门到坟墓,0.0829kgCO2e / 人·千米,-,2024,核心数据库,否
64210X0232024C,国内高铁差旅-基于支出金额核算,大门到坟墓,0.443tCO2e / 万元人民币,-,2024,核心数据库,否
64250X0032024C,国内高铁差旅-基于消费数量核算,大门到坟墓,0.0204kgCO2e / 人·千米,-,2024,核心数据库,否
53222X0032023C,地铁盾构隧道,摇篮到坟墓,41583001.7kgCO2e / 千克,-,2023,核心数据库,否
53129X0042023C,地铁车站建筑,摇篮到大门,53288.8tCO2e / 米,-,2023,核心数据库,否
53290X0052023C,地铁车站（明挖法）,摇篮到大门,4.032tCO2e / 平方米,-,2023,核心数据库,否
53290X0012023C,地铁车站（盖挖逆作法）,摇篮到大门,3.452tCO2e / 平方米,-,2023,核心数据库,否
11040X0082025C,型煤,大门到坟墓,33.6kgCO2e / 吉焦,-,2025,核心数据库,否
64115X0022022C,城市网约车群,大门到大门,125.5tCO2e / 天,-,2022,核心数据库,否
53262X0162023C,城市轨道交通光伏发电系统,摇篮到坟墓,1790kgCO2e / 千瓦,-,2023,核心数据库,否
64111X0072023C,城市轨道交通（地铁）,大门到坟墓,8.81gCO2e / 人·千米,-,2023,核心数据库,否
64111X0082023C,城市轨道交通（地铁）的实际人公里碳排放因子,大门到坟墓,43.14gCO2e / 人·千米,-,2023,核心数据库,否
33380X0032023C,复合磺酸钙润滑脂,摇篮到大门,1.6786kgCO2e / 千克,-,2023,核心数据库,否
47150X0992025C,多晶电池片（182 mm×182 mm）,摇篮到大门,1.36kgCO2e / 片,-,2025,核心数据库,否
47150X0972025C,多晶硅片（182 mm×182 mm）,摇篮到大门,1.1kgCO2e / 片,-,2025,核心数据库,否
64221X0012022C,大型客车（20座以上，39座以下）运输,大门到坟墓,0.209534kgCO2e / 千米,-,2022,核心数据库,否
64119X0192023C,大型电动汽车运输,大门到坟墓,118.9gCO2e / 千米,-,2023,核心数据库,否
64250X0042021C,大型飞机客运服务,大门到坟墓,95.2gCO2e / 人·千米,-,2021,核心数据库,否
01131X0032016C,大米-湖北赤壁,摇篮到坟墓,4555.52kgCO2e / 公吨,-,2016,核心数据库,否
12020X0142024C,天然气,摇篮到大门,0.608kgCO2e / 立方米,-,2024,核心数据库,否
12020X0162025C,天然气,大门到坟墓,2.16kgCO2e / 立方米,-,2025,核心数据库,否
64118X0082021C,天然气公交车,摇篮到坟墓,930.85tCO2e / 辆,-,2021,核心数据库,否
17500C0202022C,天然气制氢,摇篮到大门,13.13tCO2e / 公吨,-,2022,核心数据库,否
17500C0222023C,天然气制灰氢,摇篮到大门,10.970002kgCO2e / 千克,-,2023,核心数据库,否
17500B0052023C,天然气制蓝氢,摇篮到大门,3.47kgCO2e / 千克,-,2023,核心数据库,否
65119X0442024C,天然气货车运输-不区分质量区间,摇篮到坟墓,0.2478kgCO2e / 公吨·公里,-,2024,核心数据库,否
17100E0392022C,太阳能发电,摇篮到坟墓,0.04016kgCO2e / 千瓦时,-,2022,核心数据库,否
46131X0102021C,定子总成,摇篮到坟墓,1.9383tCO2e / 台,-,2021,核心数据库,否
64119X0132023C,小型SUV汽油车运输,大门到坟墓,174.74gCO2e / 千米,-,2023,核心数据库,否
64119X0082021C,小型客车（7座）运输,大门到坟墓,0.14946kgCO2e / 千米,-,2021,核心数据库,否
53234X0012023C,小型灌溉泵站,摇篮到坟墓,272kgCO2e / 公顷·年,-,2023,核心数据库,否
64119X0172023C,小型电动汽车运输,大门到坟墓,78.09gCO2e / 千米,-,2023,核心数据库,否
64250X0062021C,小型飞机客运服务,大门到坟墓,112.43gCO2e / 人·千米,-,2021,核心数据库,否
64119X0162023C,小微型汽油轿车运输,大门到坟墓,154.04gCO2e / 千米,-,2023,核心数据库,否
01112X0122023C,小麦,摇篮到大门,6340kgCO2e / 公顷,-,2023,核心数据库,否
01990X0012023C,工业大麻,摇篮到大门,1485.3kgCO2e / 公顷,-,2023,核心数据库,否
53290X0062023C,市政基础设施,摇篮到坟墓,419kgCO2e / 万元人民币,-,2023,核心数据库,否
65229X0012019C,干散货船运输(载重 2500t),摇篮到坟墓,0.015kgCO2e / 公吨·公里,-,2019,核心数据库,否
37330X1752023C,干混砂浆（特种砂浆）,摇篮到大门,322.57kgCO2e / 公吨,-,2023,核心数据库,否
02312X0422022C,幸福牧场放山人道鸡蛋,摇篮到坟墓,1.1kgCO2e / 盒,-,2022,核心数据库,否
46131X0122023C,异质结（HJT）光伏组件,摇篮到大门,427.98kgCO2e / 千瓦,-,2023,核心数据库,否
68012X0032021C,循环快递箱,摇篮到坟墓,0.098kgCO2e / 人·次,-,2021,核心数据库,否
65111X0142024C,微型冷链天然气货车运输,摇篮到坟墓,0.9666kgCO2e / 公吨·公里,-,2024,核心数据库,否
65111X0062024C,微型冷链汽油货车运输,摇篮到坟墓,0.7771kgCO2e / 公吨·公里,-,2024,核心数据库,否
65111X0102024C,微型冷链纯电动货车运输,摇篮到大门,0.25kgCO2e / 公吨·公里,-,2024,核心数据库,否
65119X0482024C,微型天然气货车运输,摇篮到坟墓,0.8405kgCO2e / 公吨·公里,-,2024,核心数据库,否
65119X0392024C,微型汽油货车运输,摇篮到坟墓,0.6758kgCO2e / 公吨·公里,-,2024,核心数据库,否
65119X0432024C,微型纯电动货车运输,摇篮到大门,0.2174kgCO2e / 公吨·公里,-,2024,核心数据库,否
54699X0122025C,总装,大门到大门,33.96kgCO2e / 辆,-,2025,核心数据库,否
64118X0102022C,插电式混合动力公交车,大门到大门,22.2tCO2e / 年（四舍五入）,-,2022,核心数据库,否
64115X0012022C,插电式混合动力出租车,大门到大门,13.37tCO2e / 年（四舍五入）,-,2022,核心数据库,否
64116X0012022C,插电式混合动力私家车运行,大门到大门,2.11tCO2e / 年（四舍五入）,-,2022,核心数据库,否
64119X0092021C,摩托车运输,大门到坟墓,0.062kgCO2e / 人·千米,-,2021,核心数据库,否
23999X0212021C,散装零食,摇篮到大门,417.69kgCO2e / 公吨,-,2021,核心数据库,否
46131X0142023C,新型钙钛矿太阳电池（PSCs）光伏组件,摇篮到大门,500.55kgCO2e / 千瓦,-,2023,核心数据库,否
23710X0012021C,方便面,大门到大门,435.83kgCO2e / 公吨,-,2021,核心数据库,否
15120X0032025C,方解石或文石,大门到大门,0.43971kgCO2e / 千克,-,2025,核心数据库,否
53129X0072023C,旅游休闲园区,大门到大门,416.04kgCO2e / 平方米,-,2023,核心数据库,否
11010X0142025C,无烟煤,大门到坟墓,98.3kgCO2e / 吉焦,-,2025,核心数据库,否
01132X0142023C,早稻（双季稻）,摇篮到大门,1445.1kgCO2e / 公顷,-,2023,核心数据库,否
32131X0072022C,春风抽取式卫生纸,摇篮到坟墓,360gCO2e / 包,-,2022,核心数据库,否
01132X0162023C,晚稻（双季稻）,摇篮到大门,1296.2kgCO2e / 公顷,-,2023,核心数据库,否
41232X0092022C,普通碳钢（市场平均）,摇篮到大门,2050kgCO2e / 公吨,-,2022,核心数据库,否
01132X0062021C,普通稻米,摇篮到坟墓,1.1492kgCO2e / 千克,-,2021,核心数据库,否
37210X0082022C,智能坐便器,摇篮到大门,2.142kgCO2e / 台,-,2022,核心数据库,否
43560X0012022C,曳引式电梯,摇篮到坟墓,27.18kgCO2e / 公吨·公里,-,2022,核心数据库,否
39283X0012025C,木材/木材废弃物,大门到坟墓,1.74tCO2e / 公吨,-,2025,核心数据库,否
34510X0042025C,木炭,大门到坟墓,3.3tCO2e / 公吨,-,2025,核心数据库,否
04932X0022023C,条斑紫菜,摇篮到大门,1250kgCO2e / 公亩,-,2023,核心数据库,否
24490X0362022C,柠檬气泡水,摇篮到坟墓,360gCO2e / 毫升,-,2022,核心数据库,否
33360X0012022C,柴油,摇篮到大门,0.6369kgCO2e / 千克,-,2022,核心数据库,否
12010X0072024C,柴油,摇篮到大门,650.86kgCO2e / 公吨,-,2024,核心数据库,否
33360X0022025C,柴油,大门到坟墓,74.1kgCO2e / 吉焦,-,2025,核心数据库,否
64118X0092023C,柴油公交车,摇篮到坟墓,1302.03tCO2e / 辆,-,2023,核心数据库,否
65119X0272024C,柴油货车运输-不区分质量区间,摇篮到坟墓,0.2157kgCO2e / 公吨·公里,-,2024,核心数据库,否
49114X0032021C,柴油重卡,摇篮到坟墓,1655.67tCO2e / 辆,-,2021,核心数据库,否
53221X0052022C,橡胶沥青混合料路面,摇篮到大门,224.0309tCO2e / 公吨,-,2022,核心数据库,否
64118X0042022C,氢燃料公交车（碳减排）,大门到大门,-58.6tCO2e / 个·年,-,2022,核心数据库,否
49114X0082023C,氢燃料电池重型商用车（光伏电解水）,摇篮到坟墓,262300kgCO2e / 辆,-,2023,核心数据库,否
49114X0072023C,氢燃料电池重型商用车（混合电力电解水）,摇篮到坟墓,2141300kgCO2e / 辆,-,2023,核心数据库,否
49114X0052023C,氢燃料电池重型商用车（煤气化）,摇篮到坟墓,1711300kgCO2e / 辆,-,2023,核心数据库,否
49114X0062023C,氢燃料电池重型商用车（甲烷重整）,摇篮到坟墓,1281300kgCO2e / 辆,-,2023,核心数据库,否
34280D0042022C,氨,摇篮到大门,2.41kgCO2e / 千克,-,2022,核心数据库,否
34250E0042022C,氨(天然气路线),摇篮到大门,1.9kgCO2e / 千克,-,2022,核心数据库,否
34250E0032022C,氨(焦炉煤气路线),摇篮到大门,4.19kgCO2e / 千克,-,2022,核心数据库,否
34280D0052022C,氨（煤路线）,摇篮到大门,2.41kgCO2e / 千克,-,2022,核心数据库,否
17100B0012021C,水力发电,摇篮到坟墓,10.02gCO2e / 千瓦时,-,2021,核心数据库,否
01132X0092023C,水稻,摇篮到大门,13200kgCO2e / 公顷,-,2023,核心数据库,否
01132X0172022C,水稻,摇篮到大门,1.08kgCO2e / 千克,-,2022,核心数据库,否
94311X0232022C,污泥处理过程,摇篮到坟墓,99.41kgCO2e / 公吨,-,2022,核心数据库,否
94311X0232022C,污泥处理过程,摇篮到坟墓,1723.03kgCO2e / 公吨,-,2022,核心数据库,否
94311X0222022C,污泥处理过程,摇篮到坟墓,550.48kgCO2e / 公吨,-,2022,核心数据库,否
94311X0002022C,污泥处理过程,摇篮到坟墓,431.23kgCO2e / 公吨,-,2022,核心数据库,否
12010X0062024C,汽油,摇篮到大门,633.96kgCO2e / 公吨,-,2024,核心数据库,否
33311X0032025C,汽油,大门到坟墓,69.3kgCO2e / 吉焦,-,2025,核心数据库,否
66032X0012021C,汽油小客车运输,大门到坟墓,0.041kgCO2e / 人·千米,-,2021,核心数据库,否
65119X0372024C,汽油货车运输-不区分质量区间,摇篮到坟墓,0.2252kgCO2e / 公吨·公里,-,2024,核心数据库,否
53121X0012023C,汽车制造园区,大门到大门,1.54tCO2e / 平方米,-,2023,核心数据库,否
37930X0172025C,沥青,大门到坟墓,80.7kgCO2e / 吉焦,-,2025,核心数据库,否
01443X0052023C,油菜,摇篮到大门,1.046kgCO2e / 千克,-,2023,核心数据库,否
17200X0212021C,沼气（玉米秸秆能量利用）,摇篮到坟墓,49.53gCO2e / 兆焦,-,2021,核心数据库,否
65219X0912024C,沿海和远洋航运-其他普通货船,大门到坟墓,11.719gCO2e / 公吨·公里,-,2024,核心数据库,否
65219X0892024C,沿海和远洋航运-其他液货船,大门到坟墓,28.775gCO2e / 公吨·公里,-,2024,核心数据库,否
65219X0932024C,沿海和远洋航运-均值,大门到坟墓,6.088gCO2e / 公吨·公里,-,2024,核心数据库,否
65219X0922024C,沿海和远洋航运-多用途船,大门到坟墓,9.746gCO2e / 公吨·公里,-,2024,核心数据库,否
65219X0862024C,沿海和远洋航运-干散货船,大门到坟墓,5.337gCO2e / 公吨·公里,-,2024,核心数据库,否
65219X0902024C,沿海和远洋航运-杂货船,大门到坟墓,15.548gCO2e / 公吨·公里,-,2024,核心数据库,否
65219X0872024C,沿海和远洋航运-油船,大门到坟墓,4.293gCO2e / 公吨·公里,-,2024,核心数据库,否
65219X0882024C,沿海和远洋航运-液化气船,大门到坟墓,49.505gCO2e / 公吨·公里,-,2024,核心数据库,否
65213X0062024C,沿海和远洋航运-集装箱船,大门到坟墓,8.122gCO2e / 公吨·公里,-,2024,核心数据库,否
54699X0142025C,涂装-不区分工艺,大门到大门,191.8kgCO2e / 辆,-,2025,核心数据库,否
54699X0072025C,涂装-中涂工序,大门到大门,1.463kgCO2e / 平方米,-,2025,核心数据库,否
54699X0092025C,涂装-清漆工序,大门到大门,0.999kgCO2e / 平方米,-,2025,核心数据库,否
54699X0062025C,涂装-电泳工序,大门到大门,0.256kgCO2e / 平方米,-,2025,核心数据库,否
54699X0082025C,涂装-色漆工序,大门到大门,0.803kgCO2e / 平方米,-,2025,核心数据库,否
27997X0042021C,涤纶染色绒,摇篮到大门,6483.8kgCO2e / 公吨,-,2021,核心数据库,否
27999X0032022C,涤纶织物——化纤坯布,摇篮到大门,0.8998kgCO2e / 米,-,2022,核心数据库,否
27997X0052021C,涤纶色母粒着色绒,摇篮到大门,5217.9kgCO2e / 公吨,-,2021,核心数据库,否
33380X0042025C,润滑油,大门到坟墓,73.3kgCO2e / 吉焦,-,2025,核心数据库,否
65212X0012019C,液货船运输(载重 2000t),摇篮到坟墓,0.019kgCO2e / 公吨·公里,-,2019,核心数据库,否
53290X0092023C,混凝土砌块岸坡,摇篮到大门,562.399kgCO2e / 米,-,2023,核心数据库,否
17100A0042020C,火力发电,摇篮到大门,0.877kgCO2e / 千瓦时,-,2020,核心数据库,否
17500C0192023C,灰氢,摇篮到大门,10.97kgCO2e / 千克,-,2023,核心数据库,否
33429B0032025C,炼厂干气,大门到坟墓,57.6kgCO2e / 吉焦,-,2025,核心数据库,否
33100X0082025C,炼焦煤,大门到坟墓,94.6kgCO2e / 吉焦,-,2025,核心数据库,否
41111A0012022C,炼钢生铁,摇篮到大门,1700kgCO2e / 公吨,-,2022,核心数据库,否
11040X0072025C,烟煤,大门到坟墓,94.6kgCO2e / 吉焦,-,2025,核心数据库,否
17300X0172025C,热力-上海,大门到坟墓,0.06tCO2e / 吉焦,-,2025,核心数据库,否
17300X0062025C,热力-内蒙古,大门到坟墓,63.7kgCO2e / 吉焦,-,2025,核心数据库,否
17300X0032025C,热力-北京,大门到坟墓,54.8kgCO2e / 吉焦,-,2025,核心数据库,否
17300X0092025C,热力-吉林,大门到坟墓,68.9kgCO2e / 吉焦,-,2025,核心数据库,否
17300X0042025C,热力-天津,大门到坟墓,51kgCO2e / 吉焦,-,2025,核心数据库,否
17300X0152025C,热力-宁夏,大门到坟墓,50kgCO2e / 吉焦,-,2025,核心数据库,否
17300X0112025C,热力-山东,大门到坟墓,75.1kgCO2e / 吉焦,-,2025,核心数据库,否
17300X0072025C,热力-山西,大门到坟墓,57.2kgCO2e / 吉焦,-,2025,核心数据库,否
17300X0162025C,热力-新疆,大门到坟墓,61.8kgCO2e / 吉焦,-,2025,核心数据库,否
17300X0052025C,热力-河北,大门到坟墓,59.2kgCO2e / 吉焦,-,2025,核心数据库,否
17300X0122025C,热力-河南,大门到坟墓,54kgCO2e / 吉焦,-,2025,核心数据库,否
17300X0142025C,热力-甘肃,大门到坟墓,73.4kgCO2e / 吉焦,-,2025,核心数据库,否
17300X0082025C,热力-辽宁,大门到坟墓,73.4kgCO2e / 吉焦,-,2025,核心数据库,否
17300X0132025C,热力-陕西,大门到坟墓,77.6kgCO2e / 吉焦,-,2025,核心数据库,否
17300X0102025C,热力-黑龙江,大门到坟墓,85.4kgCO2e / 吉焦,-,2025,核心数据库,否
41121A0062022C,热轧碳钢H钢,摇篮到大门,2350kgCO2e / 公吨,-,2022,核心数据库,否
41121A0052022C,热轧碳钢中厚板,摇篮到大门,2400kgCO2e / 公吨,-,2022,核心数据库,否
41121A0022022C,热轧碳钢中型型钢,摇篮到大门,2365kgCO2e / 公吨,-,2022,核心数据库,否
41121A0032022C,热轧碳钢大型轨梁（方圆坯、管坯）,摇篮到大门,2340kgCO2e / 公吨,-,2022,核心数据库,否
41121A0042022C,热轧碳钢大型轨梁（重轨、普通型钢）,摇篮到大门,2380kgCO2e / 公吨,-,2022,核心数据库,否
41121A0072022C,热轧碳钢宽带钢,摇篮到大门,2310kgCO2e / 公吨,-,2022,核心数据库,否
41265X0372022C,热轧碳钢小型型钢,摇篮到大门,2310kgCO2e / 公吨,-,2022,核心数据库,否
41121A0012022C,热轧碳钢小型型钢,摇篮到大门,2310kgCO2e / 公吨,-,2022,核心数据库,否
41121A0102022C,热轧碳钢棒材,摇篮到大门,2340kgCO2e / 公吨,-,2022,核心数据库,否
41121A0082022C,热轧碳钢钢筋,摇篮到大门,2340kgCO2e / 公吨,-,2022,核心数据库,否
41121A0092022C,热轧碳钢高线材,摇篮到大门,2375kgCO2e / 公吨,-,2022,核心数据库,否
54699X0132025C,焊接-不区分工艺,大门到大门,87.25kgCO2e / 辆,-,2025,核心数据库,否
54699X0022025C,焊接-二氧化碳气体保护焊,大门到大门,0.016kgCO2e / 个,-,2025,核心数据库,否
54699X0032025C,焊接-弧焊,大门到大门,0.029kgCO2e / 个,-,2025,核心数据库,否
54699X0052025C,焊接-激光焊,大门到大门,0.085kgCO2e / 米,-,2025,核心数据库,否
54699X0012025C,焊接-电阻点焊,大门到大门,0.025kgCO2e / 个,-,2025,核心数据库,否
54699X0042025C,焊接-钎焊,大门到大门,0.011kgCO2e / 米,-,2025,核心数据库,否
33100X0092025C,焦炭,大门到坟墓,107.1kgCO2e / 吉焦,-,2025,核心数据库,否
17500D0082023C,煤制灰氢,摇篮到大门,23.79kgCO2e / 千克,-,2023,核心数据库,否
17500B0062023C,煤制蓝氢,摇篮到大门,11.07kgCO2e / 千克,-,2023,核心数据库,否
11010X0012022C,煤炭,摇篮到大门,0.08kgCO2e / 千克,-,2022,核心数据库,否
33370X0062025C,燃料油,大门到坟墓,77.4kgCO2e / 吉焦,-,2025,核心数据库,否
49113X0252022C,燃料电池汽车,摇篮到坟墓,205gCO2e / 千米,-,2022,核心数据库,否
28233X0012021C,牛仔上衣,大门到大门,1.7505kgCO2e / 件,-,2021,核心数据库,否
01122X0052023C,玉米,摇篮到大门,0.846kgCO2e / 千克,-,2023,核心数据库,否
33312X0042023C,玉米秸秆费托合成—烯烃齐聚耦合制航空燃料,摇篮到坟墓,17.815kgCO2e / kJ,-,2023,核心数据库,否
33312X0072023C,玉米秸秆费托合成—烯烃齐聚耦合制航空燃料，考虑生物炭固碳,摇篮到坟墓,-24.873kgCO2e / kJ,-,2023,核心数据库,否
33312X0022023C,玉米秸秆费托工艺航空燃油，余热供汽,摇篮到坟墓,19.713kgCO2e / kJ,-,2023,核心数据库,否
33312X0052023C,玉米秸秆费托工艺航空燃油，余热供汽，考虑生物炭固碳,摇篮到坟墓,-22.975001kgCO2e / kJ,-,2023,核心数据库,否
33312X0032023C,玉米秸秆费托工艺航空燃油，余热发电,摇篮到坟墓,-3.795kgCO2e / kJ,-,2023,核心数据库,否
33312X0062023C,玉米秸秆费托工艺航空燃油，余热发电，考虑生物炭固碳,摇篮到坟墓,-46.483kgCO2e / kJ,-,2023,核心数据库,否
37129X0022023C,玻璃纤维,摇篮到大门,2250kgCO2e / 公吨,-,2023,核心数据库,否
22290X0112024C,珍珠奶茶酥,摇篮到坟墓,220gCO2e / 颗,-,2024,核心数据库,否
53290X0122023C,珠海市横琴新区香江路市政基础设施,摇篮到坟墓,0.419tCO2e / 万元人民币,-,2023,核心数据库,否
24410X0102023C,瓶装水,摇篮到坟墓,90gCO2e / 瓶,-,2023,核心数据库,否
01530X0042023C,甘薯,摇篮到大门,0.632kgCO2e / 千克,-,2023,核心数据库,否
53290X0072023C,生态格网石笼挡墙岸坡,摇篮到大门,259.565kgCO2e / 米,-,2023,核心数据库,否
53290X0132023C,生态植草砖岸坡,摇篮到大门,178.467kgCO2e / 米,-,2023,核心数据库,否
65119X0172019C,电力机车运输,摇篮到坟墓,0.01kgCO2e / 公吨·公里,-,2019,核心数据库,否
66032X0022021C,电动小客车运输,大门到坟墓,0.022kgCO2e / 人·千米,-,2021,核心数据库,否
49114X0022021C,电动重卡,摇篮到坟墓,0.001136tCO2e / 千米,-,2021,核心数据库,否
41265X0352022C,电炉碳钢,摇篮到大门,3030kgCO2e / 公吨,-,2022,核心数据库,否
15120X0052025C,白云石,大门到大门,0.47732kgCO2e / 千克,-,2025,核心数据库,否
37430X0792025C,白色硅酸盐水泥熟料,大门到大门,550kgCO2e / 公吨,-,2025,核心数据库,否
48172X0012021C,直管型覆膜支架及输送系统,摇篮到坟墓,90.7kgCO2e / 个,-,2021,核心数据库,否
33390X0012025C,石化原料油,大门到坟墓,2.8kgCO2e / 千克,-,2025,核心数据库,否
02312X0412021C,石安牧场动福蛋,摇篮到坟墓,3.6kgCO2e / 盘,-,2021,核心数据库,否
33500I0032025C,石油焦,大门到坟墓,97.5kgCO2e / 吉焦,-,2025,核心数据库,否
15200X0502025C,石灰石,摇篮到大门,2.174kgCO2e / 公吨,-,2025,核心数据库,否
33330X0032025C,石脑油,大门到坟墓,73.3kgCO2e / 吉焦,-,2025,核心数据库,否
37330X1762023C,石膏砂浆,摇篮到大门,169.78kgCO2e / 公吨,-,2023,核心数据库,否
49114X0042023C,矿用柴油重卡,摇篮到大门,540.031tCO2e / 辆,-,2023,核心数据库,否
37430X0782025C,硅酸盐水泥熟料,大门到大门,535kgCO2e / 公吨,-,2025,核心数据库,否
37990X0392025C,碳粉,大门到大门,3.6642kgCO2e / 千克,-,2025,核心数据库,否
34240B0052025C,碳酸钠或纯碱,大门到大门,0.41492kgCO2e / 千克,-,2025,核心数据库,否
46430X0172025C,磷酸铁锂,摇篮到大门,7.9kgCO2e / 千克,-,2025,核心数据库,否
46420X0172021C,磷酸铁锂电池包,摇篮到大门,73.51kgCO2e / 千瓦时,-,2021,核心数据库,否
17200X0222021C,秸秆气化（玉米秸秆能量利用）,摇篮到坟墓,158.22gCO2e / 兆焦,-,2021,核心数据库,否
01913X0142021C,秸秆颗粒（玉米秸秆能量利用）,摇篮到坟墓,58.04gCO2e / 兆焦,-,2021,核心数据库,否
01132X0082023C,稻蟹共作米,摇篮到大门,3.8311kgCO2e / 千克,-,2023,核心数据库,否
01132X0132023C,稻谷,摇篮到大门,500.8kgCO2e / 公吨,-,2023,核心数据库,否
46214X0022021C,空气绝缘开关柜,摇篮到坟墓,2160kgCO2e / 台,-,2021,核心数据库,否
32153X2652021C,箱纸板,摇篮到大门,0.418tCO2e / 公吨,-,2021,核心数据库,否
35260X0042022C,粉尘螨滴剂,摇篮到大门,0.345kgCO2e / 瓶,-,2022,核心数据库,否
26710X0012021C,粘合衬基布,大门到大门,1.133kgCO2e / 米,-,2021,核心数据库,否
64119X0142023C,紧凑型SUV汽油车运输,大门到坟墓,198.11gCO2e / 千米,-,2023,核心数据库,否
64119X0152023C,紧凑型汽油轿车运输,大门到坟墓,167.4gCO2e / 千米,-,2023,核心数据库,否
26360X0012021C,纯棉纱,摇篮到大门,9673kgCO2e / 公吨,-,2021,核心数据库,否
64118X0072023C,纯电动公交车,摇篮到坟墓,703.91tCO2e / 辆,-,2023,核心数据库,否
64119X0402023C,纯电动汽车行驶,大门到坟墓,0.17kgCO2e / 千米,-,2023,核心数据库,否
65119X0402024C,纯电动货车运输-不区分质量区间,摇篮到大门,0.1278kgCO2e / 公吨·公里,-,2024,核心数据库,否
17500A0082023C,绿氢,摇篮到大门,1.97kgCO2e / 千克,-,2023,核心数据库,否
24490X0382024C,美粒果柳橙宝特瓶,摇篮到坟墓,360gCO2e / 瓶,-,2024,核心数据库,否
34740F0042021C,聚丙烯,摇篮到大门,1.587kgCO2e / 千克,-,2021,核心数据库,否
35499X0672021C,脱醇型有机硅胶粘剂,摇篮到大门,350.64kgCO2e / 公吨,-,2021,核心数据库,否
53290X0102023C,舒布洛克砌块挡墙岸坡,摇篮到大门,442.58kgCO2e / 米,-,2023,核心数据库,否
65319X0012024C,航空运输,大门到坟墓,921gCO2e / 公吨·公里,-,2024,核心数据库,否
01316X0102021C,芒果,摇篮到大门,19720kgCO2e / 公顷,-,2021,核心数据库,否
01422X0022023C,花生,摇篮到大门,0.487kgCO2e / 千克,-,2023,核心数据库,否
24490X0352021C,苏打水,摇篮到坟墓,0.04225kgCO2e / 瓶,-,2021,核心数据库,否
01912X0032023C,苜蓿草地生态系统,摇篮到大门,1197.43kgCO2e / 公吨,-,2023,核心数据库,否
28222X0012021C,莫代尔彩色睡衣,摇篮到大门,2.97kgCO2e / 件,-,2021,核心数据库,否
28224X0012021C,莫代尔彩色睡裙,摇篮到大门,3.86kgCO2e / 件,-,2021,核心数据库,否
15120X0062025C,菱铁矿,大门到大门,0.37987kgCO2e / 千克,-,2025,核心数据库,否
15120X0092025C,菱锰矿,大门到大门,0.38286kgCO2e / 千克,-,2025,核心数据库,否
15120X0042025C,菱镁石,大门到大门,0.52197kgCO2e / 千克,-,2025,核心数据库,否
23311X0012022C,葛莉思犬食,摇篮到坟墓,10kgCO2e / 包,-,2022,核心数据库,否
32131X0062022C,蒲公英环保抽取式擦手纸巾,摇篮到坟墓,750gCO2e / 包,-,2022,核心数据库,否
17500B0032023C,蓝氢,摇篮到大门,11.07kgCO2e / 千克,-,2023,核心数据库,否
23162X0012020C,行健有机糙米,摇篮到坟墓,1.1kgCO2e / 包,-,2020,核心数据库,否
11030X0022025C,褐煤,大门到坟墓,101.2kgCO2e / 吉焦,-,2025,核心数据库,否
01131X0472021C,覆PE膜旱直播,摇篮到大门,1092.91kgCO2e / 公吨,-,2021,核心数据库,否
01131X0462021C,覆PE膜育秧移栽水稻,摇篮到大门,1663.15kgCO2e / 公吨,-,2021,核心数据库,否
64119X0382022C,轨道交通车站运行,大门到坟墓,11800tCO2e / 年（四舍五入）,-,2022,核心数据库,否
41265X0342022C,转炉碳钢,摇篮到大门,1990kgCO2e / 公吨,-,2022,核心数据库,否
36114X0032021C,轮胎,摇篮到大门,2330kgCO2e / 公吨,-,2021,核心数据库,否
49114X0012023C,轻型冷藏车（柴油）,摇篮到坟墓,571.1gCO2e / 公吨·公里,-,2023,核心数据库,否
65111X0132024C,轻型冷链天然气货车运输,摇篮到坟墓,0.3374kgCO2e / 公吨·公里,-,2024,核心数据库,否
65111X0042024C,轻型冷链柴油货车运输,摇篮到坟墓,0.2925kgCO2e / 公吨·公里,-,2024,核心数据库,否
65111X0052024C,轻型冷链汽油货车运输,摇篮到坟墓,0.2518kgCO2e / 公吨·公里,-,2024,核心数据库,否
65111X0092024C,轻型冷链纯电动货车运输,摇篮到大门,0.1524kgCO2e / 公吨·公里,-,2024,核心数据库,否
65119X0472024C,轻型天然气货车运输,摇篮到坟墓,0.3013kgCO2e / 公吨·公里,-,2024,核心数据库,否
65119X0362024C,轻型柴油货车运输,摇篮到坟墓,0.2611kgCO2e / 公吨·公里,-,2024,核心数据库,否
65119X0112019C,轻型柴油货车运输 (载重 2t),摇篮到坟墓,0.286kgCO2e / 公吨·公里,-,2019,核心数据库,否
65119X0382024C,轻型汽油货车运输,摇篮到坟墓,0.2248kgCO2e / 公吨·公里,-,2024,核心数据库,否
65119X0072019C,轻型汽油货车运输(载重 2t),摇篮到坟墓,0.334kgCO2e / 公吨·公里,-,2019,核心数据库,否
65119X0422024C,轻型纯电动货车运输,摇篮到大门,0.1361kgCO2e / 公吨·公里,-,2024,核心数据库,否
65117X0102025C,运输过程-公路,大门到坟墓,0.076kgCO2e / 公吨·公里,-,2025,核心数据库,否
65229X0092025C,运输过程-水路,大门到坟墓,0.02kgCO2e / 公吨·公里,-,2025,核心数据库,否
65319X0022025C,运输过程-航空,大门到坟墓,1.404kgCO2e / 公吨·公里,-,2025,核心数据库,否
65125X0022025C,运输过程-铁路,大门到坟墓,0.003kgCO2e / 公吨·公里,-,2025,核心数据库,否
65111X0112024C,重型冷链天然气货车运输,摇篮到坟墓,0.1219kgCO2e / 公吨·公里,-,2024,核心数据库,否
65111X0022024C,重型冷链柴油货车运输,摇篮到坟墓,0.1095kgCO2e / 公吨·公里,-,2024,核心数据库,否
65111X0072024C,重型冷链纯电动货车运输,摇篮到大门,0.1202kgCO2e / 公吨·公里,-,2024,核心数据库,否
65119X0452024C,重型天然气货车运输,摇篮到坟墓,0.1088kgCO2e / 公吨·公里,-,2024,核心数据库,否
65119X0282024C,重型柴油货车运输,摇篮到坟墓,0.0978kgCO2e / 公吨·公里,-,2024,核心数据库,否
65119X0312024C,"重型柴油货车运输 [16000kg,20000kg]",摇篮到坟墓,0.1025kgCO2e / 公吨·公里,-,2024,核心数据库,否
65119X0302024C,"重型柴油货车运输 [20000kg,25000kg]",摇篮到坟墓,0.0972kgCO2e / 公吨·公里,-,2024,核心数据库,否
65119X0292024C,"重型柴油货车运输 [25000kg,31000kg]",摇篮到坟墓,0.0936kgCO2e / 公吨·公里,-,2024,核心数据库,否
65119X0132019C,重型柴油货车运输(载重 10t),摇篮到坟墓,0.162kgCO2e / 公吨·公里,-,2019,核心数据库,否
65119X0142019C,重型柴油货车运输(载重 18t),摇篮到坟墓,0.129kgCO2e / 公吨·公里,-,2019,核心数据库,否
65119X0152019C,重型柴油货车运输(载重 30t),摇篮到坟墓,0.078kgCO2e / 公吨·公里,-,2019,核心数据库,否
65119X0162019C,重型柴油货车运输(载重46t),摇篮到坟墓,0.057kgCO2e / 公吨·公里,-,2019,核心数据库,否
65119X0092019C,重型汽油货车运输(载重10t),摇篮到坟墓,0.104kgCO2e / 公吨·公里,-,2019,核心数据库,否
65119X0102019C,重型汽油货车运输(载重18t),摇篮到坟墓,0.104kgCO2e / 公吨·公里,-,2019,核心数据库,否
65119X0412024C,重型纯电动货车运输,摇篮到大门,0.1073kgCO2e / 公吨·公里,-,2024,核心数据库,否
53221X0202023C,钢-混组合连续刚构桥,摇篮到坟墓,9.71tCO2e / 平方米,-,2023,核心数据库,否
53221X0172023C,钢桁梁悬索桥,摇篮到坟墓,12.82tCO2e / 平方米,-,2023,核心数据库,否
53221X0112023C,钢管砼拱桥,摇篮到坟墓,11.79tCO2e / 平方米,-,2023,核心数据库,否
53221X0182023C,钢管砼拱桥,摇篮到坟墓,11.05tCO2e / 平方米,-,2023,核心数据库,否
53221X0192023C,钢管砼拱桥,摇篮到坟墓,12.22tCO2e / 平方米,-,2023,核心数据库,否
53221X0122023C,钢箱梁悬索桥,摇篮到坟墓,9.62tCO2e / 平方米,-,2023,核心数据库,否
53221X0162023C,钢箱梁悬索桥,摇篮到坟墓,7.83tCO2e / 平方米,-,2023,核心数据库,否
53221X0132023C,钢箱梁斜拉桥,摇篮到坟墓,10.17tCO2e / 平方米,-,2023,核心数据库,否
53221X0152023C,钢箱梁斜拉桥,摇篮到坟墓,8.27tCO2e / 平方米,-,2023,核心数据库,否
41212X0152022C,钢轨,摇篮到大门,2.62tCO2e / 公吨,-,2022,核心数据库,否
41122A0052021C,钢铁,摇篮到大门,2.38kgCO2e / 千克,-,2021,核心数据库,否
15120X0072025C,铁白云石-区间最低值,大门到大门,0.40822kgCO2e / 千克,-,2025,核心数据库,否
15120X0082025C,铁白云石-区间最高值,摇篮到坟墓,0.47572kgCO2e / 千克,-,2025,核心数据库,否
53221X0022022C,铁路桥梁,摇篮到大门,70680000kgCO2e / 个,-,2022,核心数据库,否
53221X0072023C,铁路桥梁-整孔预制简支箱梁桥,摇篮到大门,20730kgCO2e / 千米,-,2023,核心数据库,否
53221X0062023C,铁路桥梁-节段预制连续刚构桥,摇篮到大门,19910tCO2e / 千米,-,2023,核心数据库,否
53290X0042023C,铁路站房,摇篮到坟墓,9927kgCO2e / 平方米,-,2023,核心数据库,否
65125X0032021C,铁路运维物资供应,大门到大门,106987tCO2e / 公吨,-,2021,核心数据库,否
65129X0032024C,铁路运输,大门到坟墓,6.502gCO2e / 公吨·公里,-,2024,核心数据库,否
65129X0022019C,铁路运输(中国市场平均),摇篮到坟墓,0.01kgCO2e / 公吨·公里,-,2019,核心数据库,否
64210X0242018C,铁路（综合客运）,大门到大门,0.027kgCO2e / 人·千米,-,2018,核心数据库,否
65125X0012018C,铁路（综合货运）,大门到大门,0.008kgCO2e / 公吨·公里,-,2018,核心数据库,否
41111A0022022C,铸造生铁,摇篮到大门,2280kgCO2e / 公吨,-,2022,核心数据库,否
53290X0112023C,链锁块岸坡,摇篮到大门,234.13kgCO2e / 米,-,2023,核心数据库,否
